id_salarie,nom,prenom,bu_equipe,salaire_brut,nombre_cp,adresse,moyen_de_deplacement,type_sport,distance_domicile_travail
56482,Dumont,Michelle,Ventes,51390,27,"100 avenue de la Gare, 30900 Nîmes",auto_moto,Tennis,49.25
17757,Bazin,Margaret,Support,31460,25,"avenue de La Mer, 34470 Pérols",velo_trot,Badminton,3.87
17036,Jacques,Julien,Marketing,72480,29,"28 Rue du Port, 34140 Mèze",auto_moto,Escalade,39.27
90284,Chartier,Aurélie,Marketing,56400,29,"136 Rue des Grottes, 34130 Mauguio",auto_moto,Randonnée,8.96
83440,Maillard,Augustin,R&D,31030,28,"38 Rue du Muscadet, 34090 Montpellier",transport,Triathlon,8.7
33386,Neveu,Yves,R&D,50170,28,"24 Rue de la Cadoule, 34740 Vendargues",auto_moto,Randonnée,14.01
25701,Foucher,Eugénie,Finance,56470,25,"63 Rue du Marché, 34800 Clermont-l'Hérault",auto_moto,Runing,52.45
43124,Laole,Francoise,Ventes,44040,28,"121 Bis Rue des Carignans, 34790 Grabels",auto_moto,Équitation,14.57
56632,Evrard,Claire,Finance,62760,25,"70 avenue Jean Jaurès, 30900 Nîmes",auto_moto,Voile,50.29
17997,Dias,Mathilde,Support,27040,27,"9 Rue Four des Flammes, 34000 Montpellier",auto_moto,Tennis de table,6.76
76341,Joubert,Claudine,Finance,43710,29,"57 avenue de la Liberté, 34070 Montpellier",velo_trot,Football,8.68
89943,Royer,Benjamin,Finance,65310,29,"40 Rue du Pradas, 34470 Pérols",a_pied,Randonnée,4.37
46253,Blin,Léa,Marketing,43450,27,"32 Travenue de la Brigantine, 34970 Lattes",auto_moto,Randonnée,2.63
22426,Poirier,Gabriel,Ventes,67610,26,"103 avenue de la Plage, 34450 Vias",auto_moto,Voile,66.46
44472,Lemaire,Maurice,Finance,63860,29,"94 Rue Jean Jaurès, 34740 Vendargues",auto_moto,Football,14.3
97309,Roussel,Charles,Ventes,73490,28,"51 avenue de La Mer, 34470 Pérols",auto_moto,Tennis,3.87
39874,Rossi,Claire,Support,57460,27,"87 Rue du Marché, 34400 Lunel",auto_moto,Tennis,32.14
49804,Carlier,Constance,R&D,70060,25,"200 Rue du Stade, 34830 Clapiers",auto_moto,Runing,10.17
37866,Gautier,Marine,R&D,50700,27,"4 avenue de la Paix, 34690 Fabrègues",transport,Natation,21.26
71190,Vallet,Andre,Finance,58580,26,"68 Rue du N, 34920 Le Crès",velo_trot,Badminton,10.63
36981,Schmitt,Jules,Marketing,42410,25,"47 avenue de la Gare, 34970 Lattes",a_pied,Natation,2.27
89328,Lambert,Denise,Ventes,38930,29,"8 Rue de la Vieille, 34000 Montpellier",velo_trot,Tennis de table,7.58
50309,Lacroix,Olivie,Support,32520,26,"76 avenue de la Plage, 34410 Sérignan",auto_moto,Runing,77.28
32690,Hamon,Paul,R&D,36430,29,"84 Rue du Port, 34470 Pérols",velo_trot,Badminton,8.06
17027,Boyer,Julie,Support,36180,25,"place Jean Jaurès, 34000 Montpellier",velo_trot,Tennis,7.09
99401,Pons,Yves,Ventes,66130,29,"20 avenue de la Paix, 34690 Fabrègues",auto_moto,Runing,21.26
86847,Arnaud,Jeremy,Support,29180,28,"139 avenue des Pins, 34150 Gignac",auto_moto,Football,37.0
53673,Ferrand,Julien,Finance,31700,26,"129 avenue de la Liberté, 34070 Montpellier",velo_trot,Voile,8.68
18918,Michaud,Naomie,Marketing,25610,27,"21 avenue du Port, 34540 Balaruc-les-Bains",auto_moto,Tennis,34.82
86633,Rodriguez,Léon,Support,27260,25,"140 allée des Vignes, 34280 La Grande-Motte",auto_moto,Runing,19.95
43542,Pendragon,Arthur,R&D,47370,26,"18 Rue des Arbousiers, 34230 Bélarga",auto_moto,Judo,48.43
44927,Fischer,Hugues,Ventes,62370,25,"143 Rue des Sansouïres, 34970 Lattes",velo_trot,Randonnée,7.4
76903,Lemaire,Victor,Finance,60670,26,"260 chemin du Pompage, 34800 Canet",auto_moto,Basketball,50.91
20697,Cousin,Antoine,Marketing,37620,27,"12 Rue William et Catherine Booth, 34070 Montpellier",auto_moto,Randonnée,13.25
37830,Toussaint,Alexandre,Ventes,28050,26,"18 Rue des Agapanthes, 34470 Pérols",transport,Randonnée,4.01
34678,Mendes,Astrid,Finance,59520,27,"32 avenue Jean - Louis Etienne, 34740 Vendargues",auto_moto,Randonnée,13.7
70575,Munoz,Charlene,R&D,43520,25,"138 Rue de la République, 30600 Vauvert",auto_moto,Randonnée,40.47
66882,Leleu,Guillaume,Finance,43860,28,"3 Rue Tadorne, 34140 Mèze",auto_moto,Judo,40.24
60358,Lesage,Mathilde,R&D,44830,28,"15 Rue de la République, 34000 Montpellier",velo_trot,Natation,5.52
50504,Fabre,Christiane,Finance,37910,26,"10 Rue du Marché aux Raisins, 34750 Villeneuve-lès-Maguelone",velo_trot,Escalade,11.38
56530,Morin,Francis,Ventes,51800,29,"124 Rue des Écoles, 34540 Balaruc-les-Bains",transport,Runing,34.95
45221,Georges,Bernard,Finance,34230,25,"215 Rue Alphonse Allais, 34070 Montpellier",velo_trot,Randonnée,6.33
86948,Boutin,Philippine,Finance,73110,27,"85 avenue de la Paix, 34690 Fabrègues",velo_trot,Tennis,21.26
34899,Besson,Hugues,Support,72360,28,"place de la Liberté, 34470 Pérols",a_pied,Football,4.58
36827,Devaux,Audrey,Finance,39290,26,"place du Marché, 34250 Palavas-les-Flots",velo_trot,Tennis,10.43
34382,Payet,Capucine,Marketing,48430,25,"151 Bd Victor Hugo, 34000 Montpellier",transport,Équitation,4.92
67121,Pasquier,Claudine,Finance,68240,27,"Bd des Sports, 34000 Montpellier",velo_trot,Rugby,4.88
76076,Moreno,André,Support,74330,26,"141 Rue de la Plage, 34130 Mauguio",velo_trot,Football,10.25
23842,Schneider,Jules,Ventes,51010,29,"79 Rue des Écoles, 34920 Le Crès",transport,Voile,9.79
66386,Lacroix,Susanne,Finance,55310,26,"189 place des Écoles, 34970 Lattes",a_pied,Badminton,2.63
75791,Olivier,Caroline,Marketing,56010,27,"Rue des Écoles, 34120 Lézignan-la-Cèbe",auto_moto,Runing,70.44
55153,Delmas,Colette,Finance,42280,29,"178 Rue de la Lucques, 34150 Aniane",auto_moto,Boxe,41.2
91916,Legrand,Margaud,Finance,47530,27,"72 Rue des Pins, 34470 Pérols",velo_trot,Rugby,4.11
49419,Bernard,Denise,Finance,42530,28,"13 Bd des Sports, 34000 Montpellier",velo_trot,Natation,4.88
30945,Grenier,Hugues,Finance,71640,26,"90 avenue de la Liberté, 34070 Montpellier",velo_trot,Runing,8.68
29793,Chauvin,Marine,Finance,47780,29,"121 Bd des Sports, 34000 Montpellier",transport,Runing,4.88
41293,Marchand,Sabine,Support,55910,29,"6 Rue des Bougainvilliers, 34970 Lattes",velo_trot,Randonnée,3.84
42472,Devaux,Charles,Support,26830,27,"103 Rue Joseph Guerre, 34070 Montpellier",transport,Randonnée,12.01
69938,Guillou,Valérie,Ventes,38840,26,"7 Rue Alphonse Daudet, 34470 Pérols",velo_trot,Randonnée,3.63
70933,Leconte,Sébastien,Ventes,49630,27,"13 Rue du Marché, 34560 Montbazin",auto_moto,Tennis,37.45
46903,Leleu,Luc,Support,71330,29,"57 avenue des Pins, 34130 Valergues",velo_trot,Escalade,18.41
93699,Klein,Dominique,Finance,51150,28,"103 allée des Pins, 34170 Castelnau-le-Lez",transport,Runing,8.79
78962,Perrot,Margot,R&D,48700,27,"20 Rue de la Petite Calade, 34660 Cournonterral",auto_moto,Boxe,26.63
90813,Baudry,Gilles,Support,35650,29,"88 avenue de la Liberté, 34070 Montpellier",velo_trot,Natation,8.68
31222,Gonzalez,Luc,R&D,56020,26,"1 Rue du Stade, 34820 Teyran",auto_moto,Natation,18.57
90207,Wagner,Andréa,Marketing,68430,28,"avenue de la Gare, 34540 Balaruc-les-Bains",auto_moto,Tennis,33.38
48260,Maillet,Théodore,R&D,52600,29,"Rue Rosset, 34000 Montpellier",transport,Voile,7.58
46304,Pichon,Benjamin,R&D,72240,27,"50 Rue du Port, 34280 La Grande-Motte",auto_moto,Rugby,19.39
73367,Verdier,Simon,Marketing,69840,27,"485 Anc. chemin du Moulin, 34270 Les Matelles",auto_moto,Boxe,21.42
57589,Petitjean,Aurélie,Finance,27270,27,"75 Rue des Écoles, 34980 Saint-Clément-de-Rivière",auto_moto,Runing,15.4
92368,Torres,Emmanuelle,Marketing,74310,28,"place de la Liberté, 34470 Pérols",velo_trot,Runing,4.58
20157,Menard,Damien,Ventes,50580,28,"6 place de la République, 34700 Lodève",auto_moto,Basketball,59.19
49571,Meyer,Alfred,Finance,45740,26,"40 Rue Jean Jaurès, 34590 Marsillargues",auto_moto,Rugby,32.11
41377,Faure,Emmanuelle,Support,52920,25,"Rue du Ctre, 34160 Saint-Drézéry",auto_moto,Football,26.66
88193,Gomez,Daniel,R&D,62410,25,"194 Rue des Amours d'Antan, 34980 Saint-Gély-du-Fesc",auto_moto,Randonnée,19.76
60948,Guillot,Gégoire,Ventes,33130,29,"40 place des Écoles, 34970 Lattes",a_pied,Runing,2.63
92440,Lacroix,Sébastien,Marketing,35320,27,"369 chemin du Thym, 34170 Castelnau-le-Lez",transport,Triathlon,8.18
86486,Marchand,Emmanuel,Ventes,37120,27,"3 allée des Cévennes, 34630 Saint-Thibéry",auto_moto,Judo,57.63
56263,Hernandez,William,Support,34090,29,"246 Rue du Boulidou, 34980 Saint-Clément-de-Rivière",auto_moto,Boxe,16.81
59040,Lefebvre,William,Finance,38460,29,"9 Rue du Lierre, 34850 Pinet",auto_moto,Judo,48.26
29450,Lambert,Julie,R&D,35470,25,"36 Rue de la Condamine, 34970 Lattes",auto_moto,Randonnée,2.77
53944,Lebon,Nath,Support,56100,29,"58 Bd Ernest Renan, 34000 Montpellier",velo_trot,Natation,5.24
27483,Raymond,Juliette,R&D,55910,25,"Rue du Ctre, 34160 Saint-Drézéry",auto_moto,Badminton,26.66
34922,Da Silva,Claire,Ventes,54170,25,"61 Rue Jean Jaurès, 34200 Sète",auto_moto,Tennis,41.37
96558,Munoz,Suzanne,Support,48040,28,"179 chemin de la Rocheuse, 34170 Castelnau-le-Lez",auto_moto,Triathlon,8.05
50866,Techer,Roger,Ventes,49230,25,"16 Rue des Roses, 34970 Lattes",a_pied,Randonnée,3.45
35731,Morvan,Laurence,Ventes,63450,26,"46 Rue des Écoles, 34470 Pérols",velo_trot,Rugby,4.31
51866,Carre,Marguerite,Ventes,54220,25,"30 Rue des Vignes, 34970 Lattes",a_pied,Runing,2.67
19260,Marchand,René,Finance,68300,26,"1 Rue de la Paix, 34130 Saint-Aunès",transport,Runing,11.24
50955,Godard,Margaud,Support,67480,25,"99 Rue du N, 34920 Le Crès",velo_trot,Rugby,10.63
42960,Normand,Michel,Ventes,26320,29,"17 Rue Maguelone, 34250 Palavas-les-Flots",velo_trot,Runing,10.43
18941,Guillou,Gilles,Finance,59910,29,"68 Bd des Écoles, 34750 Villeneuve-lès-Maguelone",velo_trot,Runing,12.42
81676,Breton,Jeannine,Ventes,48430,29,"27 avenue du Général Leclerc, 34470 Pérols",a_pied,Tennis,4.2
27069,Delahaye,Philippe,Support,56380,29,"59 chemin des Pins, 34170 Castelnau-le-Lez",auto_moto,Runing,8.81
94680,Pineau,Henri,Marketing,64180,26,"5 avenue de la Liberté, 34070 Montpellier",velo_trot,Natation,8.68
